eigenvalue,v1,v2,v3,v4,v5
5.432100,0.012345,0.034567,0.056789,0.078901,0.091234
5.432100,0.023456,0.045678,0.067890,0.089012,0.101234
