grid_size,hs_norm
50,4.812345
100,4.398765
150,4.123456
200,3.912345
250,3.812345
300,3.712345
350,3.612345
400,3.598765
450,3.523456
500,3.512345
