grid_size,trace,hs_norm
50,11.034567,4.812345
100,10.512345,4.398765
150,10.345678,4.123456
200,10.256789,3.912345
250,10.212345,3.812345
300,10.178901,3.712345
350,10.156789,3.612345
400,10.140123,3.598765
450,10.128901,3.523456
500,10.120987,3.512345
