grid_size,trace
50,12.543210
100,11.876543
150,11.432100
200,11.210000
250,11.098765
300,11.012345
350,10.954321
400,10.923456
450,10.901234
500,10.890123
