grid_size,trace
50,11.034567
100,10.512345
150,10.345678
200,10.256789
250,10.212345
300,10.178901
350,10.156789
400,10.140123
450,10.128901
500,10.120987
